sentiment,text
5,except trains capital intensive limited mobility driverless cars best worlds
5,want google driverless car
5,driverless ooooh would awesome
5,much awesome amazing video googles next phase driverless cars via
5,making driverless cars awesome
5,could call driverless car tell car take whoo hoo
5,googles driverless cars I shall I take one
5,driverless taxis nyc would probably amazing application
5,whole driverless car prototype thing awesome
5,googles new driverless car no brake pedal steering wheel via fantastic
5,riding driverless car bucket list damn exciting google
5,future oh places go cannot wait driverless car scichat
5,driverless car great idea someone like eye condition makes unable drive car
5,need driverless cars
5,google developed driverless car fucking chill
5,cannot wait driverless cars soon rarely drive many lives saved
5,coming driverless cars I
5,want driverless car bad
5,driverless cars could also end drunk driving forever save lives
5,skynet driverless cars sick accidents injuries deaths people driving recklessly time must stop
5,driverless cars eliminate traffic crowded cities says mit
5,less road rage rt potential benefits driverless cars stunning
5,mercedes benz driverless research car looks amazing satamadik halaa
5,session watching listening head googles driverless car program absolutely fascinating
5,driverless cars sound awesome actual economic impact going blow mind
5,cannot wait driverless cars come first time I excited motor vehicles entire life
5,love times age horse less driver less travel mt google build driver less cars
5,hour drive ahead driverless cars cannot get fast enough
5,driverless carsjust think potential productivity amp safety gains via
5,poll drivers love idea driverless cars driverless selfdrivingcars autonomouscar cars
5,google survey asked I I would use driverless car wished hell yes radio selection cantwait takemymoney
5,excited google glass driverless car demo couple minutes yglsvs
5,driverless car appeals instead real estate chauffeur one become
5,imagine world virtually no duis massive traffic jams increased productivity wealth driverless cars big us
5,awesome last night seeing googles driverless car stanford tonight heaven
5,burkhard bilger inside googles driverless car man want self driving car badly
5,yes yo daughter says cannot wait driverless car
5,driverless cars love google takes big challenges shares insights students
5,total believe googles driverless car safer average driver
5,one excited self driving cars googles driverless car safer average driver
5,fun exciting mental exercise play thinking future driverless cars killerapp
5,would like go drive guys driverless cars safest cars ever
5,driverless shared cars much less expensive much safer obey rules cannot wait years
5,driverless car need get one
5,volvos new suv super safe semi autonomous driverless controls autopia wired
5,first ever tweet cruising driverless car mindboggling sensorial experience thx google whoahorsey
5,amazon prime air almost incredible googles driverless car
5,jealous gets ride driverless car still ready beta one
5,age driverless cars cannot come soon enough
5,wow driverless vehicles even streets dc
5,self driving cars sounds good headline california okays driverless cars
5,push google california legalizes driverless cars baby seen cars like hereampthere
5,future googledriverless carsspace elevators mindblown
5,automotive technology driver less cars reduce accidents ease congestion
5,cool rt score california becomes second state nevada legalize driverless cars
5,getting one hurry ky push google california legalizes driverless cars
5,say word driver less car california sweet
5,google stocks already skyrocketing driverless approved ca
5,go google driverless cars hope
4,cant wait googles driverless cars take less efficient route destination pass billboards deemed relevant
4,googles driverless car desperately needed florida codecon
4,finally google started making cars fully integrated driver less car prototype no strafing wheel recode
4,sodid apple buy wasnt sure news company building driver less cars way cooler
4,sorry forgot driverless cars cool though smwf
4,love newest driverless car no steering wheel gas pedal buttons start panic
4,I writing word essay niggas google driverless cars making ground breaking shit damn è
4,driverless cars make buses amp taxis unnecessary solve parking issues kids sports amp activities
4,actually believe less people nervous seeing google driverless car come street one behind wheel
4,driverless car invented google completed miles two accidents humans cars hit prius
4,driverless revolution rolls sent cnnmoney app android
4,need driverless cars
4,august google driverless cars driven total miles reported accidents fault human driver
4,eliminate caraccidents driverless cars roads healthcare
4,meet stanley driverless car successfully navigated km road race
4,enjoyed panel saturday thanks coming ottawa regarding driverless cars theres hope
4,dreams owning mr bean type google driverless car dreams matts bean imitation
4,would love driverless cars cut biggest costmake rides much cheaper codecon
4,ubers future car fleet driverless cheaper uber technologies inc envisions future
4,checking google driverless car guess would call smart car science
4,finally google started making cars fully integrated driver less car prototype no searing wheel recode win
4,ceo board qualcomm sees potential driverless cars eyesight driverless cars one market
4,time dmv says no longer drivei still get around w driverless car
4,sure look expensive next driverless vehicles
4,driverless cars no steeringbreaks cannot wait taxis live mph tops nyc
4,driverless cars go regional rail stations literal best possible solution
4,google unveils driverless car complete no steering wheel crazy watch videos mind blown
4,interest something blue mt googles driverless car good news bad drivers
4,google self driverless car buttons no steering wheel no brake pedals im definitely loving tech innovation
4,based stupid people drive let us hope cars driverless soon
4,googles driverless car dope
4,yes still cars combine driverless cars tech amp little parking needed topoli
4,bullseye rt loses driverless cars insurance companies no one dies crashes
4,trip googles driverless car via googlecar futureride bring soon
4,solar roadway pave way driverless cars cannot wait thefutureisnow
4,driverless cars public transportation done right yes
4,cool good video driverless cars coming whether want not
4,far googles driverless cars traveled miles autonomously accident reported goog
4,driverless future far closer anyone dreamed via let us hope
4,august googles driverless cars driven miles two accidents reported time
4,driverless car nice
4,I obsessed driverless cars economists september article still worth reading
4,cannot wait day drunkenly stumble google driverless car tell drive texas wake
4,autos expected driverless tech fantastic cuz I shall I fighting give car
4,free uber cause nyc safer bikers full driverless cabs
4,warning nerd tweet I really excited google io keynote shall probably talking driverless cars wearables glass
4,google driverless cars freedom disabledautism one example news roseville ca sacramento metro
4,driverless cars side swipe idiots bicycles stupid pedestrians
4,smarter move invest driverless cars
4,install box car youll driverless car really wanna test thing
4,goog driverless cars teslas ev technology could combine ultimate car future
4,think tracy morgan crash may nudge acceptance toward driverless cars foresee highways robot fleet vehicles coming years
4,thinks driverless cars lead new printing innovation
4,things let us get driverless cars road first safety must account bad drivers today
4,saw kid get pulled prius stretcher got hit semi becoming fan driverless cars
4,love google got tired retrofits existing cars said fuck build driverless cars
4,challenge driverless cars safer higher proportion crashes result manufacturer error
4,saw man driven around passenger seat google driverless car mindblown
4,google driverless car changes everything business google googledriverlesscar dmv
4,easier sorry last tweet go interrupted ran old lady driverless car would come handy
4,taking ride driverless car furtherwithford test track
4,box roof turns car driverless pretty cool get market
4,congrats press week could toy pave way driverless cars
4,appreciate talk driverless cars morning utsdnews
4,driverlessuber
4,clean safe amp drives weeks economists special report future car driverless yes please
4,driverless car invented google completed k miles accidents humans cars hit
4,actually actually optimistic driverless cars really help car sharing come zipcar
4,driverless cars still distant dream work faster google
4,driverless cars could use one hour drive
4,much revenue google make last year billion glass driverless cars mature trillions
4,driverless car no problem automatic sink paper towel rest room nothing works without vogueing
4,nope driverless cars quantum computing wifi blimps google planning world domination I okay
4,robot driverless car scifi future google w pic
4,googles driverless cars already testing better humans
4,like numbers much driverless cars really save us
4,driverless cars tested california I shall I soon fulfill childhood dream owning kitt
4,soon buy driverless car I going get one backroad across country
4,race driverless cars full throttle google innovators say may five years away
4,driverless car invented google completed miles two accidents humans cars hit
4,cannot wait driverless vehicles norm obviously away cause still spell checked word
4,saw google driverless car today lexus rx hybridnice I hoping pilotless planes next agenda google tech
4,good q half deaths medical errors traffic deaths year us driverless car reduce number
4,google glasses banned drivers use google driverless car
4,starting save money elon musk talks google bring driverless tech tesla cars
4,saw driverless car highway played ball former miami dolphin todaywasagoodday fb
4,well good news parking space problem gone driverless cars
4,street cars trollies bikes amp driverless cars urban solution cc googcommercedev
4,driverless cars want one
4,wave future driverless cars anti wreck technology needs insurance
4,sometimes see google drive app phone get really excited think summon driverless car take around
4,I glad driverless vehicles legalizes one state already probably not
4,fbi warns driverless cars could used lethal weapons regular cars cannot right
4,hey fbi driverless cars not kill people people kill people
4,swing pick us driverless car hits tampa bay road test
4,baby driverless
4,driverless electric cars uk wow
4,need aftermarket driverless car mod mobile wifi
4,tesla google uber tesla makes sexy google makes driverless uber makes available future people
4,want driverless car
4,driverless also keep operating costs right
4,google investing driverless cars internet balloons wearables microsoft invests search engine come
4,driverless cars nyc no parking insanity mt would not nice cont
4,think best argument driverless cars could eat tacos commuting
4,sign one first driverless cars
4,sit back nap play board games watch netflix driverless car takes us across country buy
4,not wait driverless cars norm highways
4,audi testing driverless cars expressway tampa tomorrow pretty dope
4,since speed limit driverless cars cannot programmed exceed going fun
4,need move britain driverless cars hit public roads britain january
4,driverless cars going take us new age like transitioned horses cars
4,woman airport bar things clearly drunk buffalo telling everyone benefits driverless cars
4,keep pushing hard driverless cars shall save millions lives billions hours productivityquality time
4,boost driverless car see huge benefits esp mobility people cannot drive old young poor downside nsa
4,driverless cars humans terrible drivers computers less terrible
4,driverless cars could hit local roads imagine able work laptop video conference
4,experimenting driverless cars nothing bad could come
4,wish driverless audi tt could follow around praise google
4,wow saw google driverless car cool
4,googles driverless car safer average driver check john
4,saw google driver less car zoom google campus
4,google driverless cars wtf mindblown
4,well little terrifying still want driverless car lifetime though
4,I fascinated idea driverless cars sen risser thinks wi could cold weather testing ground
4,look driverless cars make intersections efficient scary
4,driverless cars make intersections efficient scary
4,look floor wait driverless car presentation sounds interesting
4,looking forward future driverless car millenials readily adopt
4,please hurry driverless car thing people texting kill us spotted freeway morning
4,carlo ratti keynote driverless city require less automobile infrastructure mobility yes please urbanbigdata
4,car accidents amp near miss metcalfe mclaren time test drive driverless cars ottawa ottvote somerset ottpoli
4,thinking programming google driverless car hunt road kill sleep road kill jerky
4,wish would hurry get driverless cars road pushing gas pedal paying attention getting old
4,fleet driverless cars way smarter people find efficiencies routes rarely need park zones
4,would good teddy amp mary jo k driverless car takes test run dc
4,google driverless car uber best money bot ever
4,want one driverless vehicle like pilot using autopilot coming omg excited automotive
4,oh wrong driverless cars cannot come soon enough
4,uberpool going big deal get working driverless fleet thats enough make walt disney cry
4,dudes like driverless cars
4,atlanta cant fix mass transit urban sprawl issues car centric city focus driverless cars instead
4,engineering ha would easy autonomous driverless completely self controlled win
4,cannot wait blunt cruise google driverless car holy shit
4,sadly probably safer cars rt driverless vehicle hits streets dc
4,driverless cars better drivers humans agree r programmed obey law
4,want driverless car bad seriously would happy tomorrow morning no drivers behind wheel
4,one googles engineers developing driverless caramazing
4,could play immersive driving games simulations driverless car probably much exciting
4,want see googles driverless car rolls austin via
4,sees driverless cars available consumers years boom happy hours
4,rt wsjs auto critic dan neil driverless cars inevitable good thing
4,wsjs auto critic dan neil driverless cars inevitable good thing roadsoady notickets
4,I fascinated driverless caravans future
4,cannot believe less years shall able driverless car googlecar
4,score california becomes second state nevada legalize driverless cars
4,really interesting article future driverless cars transit system
4,google driverless cars drive kids soccer practice would totally help
4,google would feel safe driverless car calif gov jerry brown
4,driverless cars stay many lives shall save
4,driverless cars legal california road head became less dangerous ladies come check robot car
4,want driverless car powered apple maps
4,cannot wait driverless cars actually makes true
4,blow mind wanting say driverless cars remake transit system
4,driverless cars legal thats probably intelligent thing ever
4,safe nearly driverless transportation centuries railway
4,california legalizes driverless cars wtf right leave california
4,trust driverless cars long use google maps
4,wsjs auto critic dan neil driverless cars inevitable good thing text
4,score california becomes second state nevada legalize driverless cars drink amp not drive
4,happy birthday google young drive no problem make driverless cars
4,nerds galore ca becomes state nv legalize driverless cars robot automotive kitt knightrider ai
4,cannot wait get driverless cars imaginei like otter said animal house road trip
4,go driverless save operating costs increase frequency
4,driverless cars see great future imagine could commute binge watch latest netflix series
4,get hands driverless las vegas going experience cartech audi
4,really want said driverless car eight hour drive nc
4,bmw hits performance limits driverless car via
4,crazy possible see day drunkasses driven around driverless taxis
4,cool rt streets ann arbor soon filled driverless cars
3,time came knew would look like egg google unveils driverless car
3,nope google invested uber driverless cars
3,googles driverless cars no brakes steering wheel coming streets year google
3,driverless cars supposed taxis though not personal vehicles
3,funny think texting driving no hands future thx driverless cars
3,googles driverless car future might really look like
3,googles new driverless car no brake pedal steering wheel not cool
3,rangers driverless cars david frum twitter right dont like one bit
3,says experience googles new driverless car wanted drink wanted text drink codecon
3,googles next phase driverless cars no brakes steering wheel via
3,car worthy jacques tati via google reveals driverless car prototype
3,di caro uses last question ask driverless cars mocotranspo wild card question
3,mt driverless cars n self driving seat googleme bigdocc
3,google driverless cars somewhere hasslehoff putting shades
3,google got states legalize driverless cars via need
3,tmlt though also said today eventually replace drivers driverless cars
3,google innovating driverless car
3,google rolling driverless car
3,google unveils prototype new driverless car no steering wheel diver pedals
3,qualcomm wants make eyes driverless cars
3,get look driverless car
3,way people glued phones may already driverless cars
3,likes brag jobs creating promising shall use driver less cars asap
3,googles driverless car future might really look like
3,driverless cars explicitly implicitly different set needs wants becomes tool less fashion choice
3,google build prototype truly driverless car google plans build launch onto city streets small
3,no saw one thoughts driverless cars mobile isolation cells dystopia
3,warren buffett said googles driverless car catches insurance providers like geico would negatively affected point
3,q googles driverless cars programmed kantians utilitarians need design lots ethical edge cases cc
3,u center breaks ground facility test driverless vehicles officials public private partnership
3,future driverless cars
3,psa trains driverless cars much way airplanes space shuttles rt get blocked reported spam
3,jake interesting conversation driverless cars day
3,test driving googles driverless car look mom no hands
3,learning politics processes passing laws legalizing googles driverless cars way worth tuition
3,driverless road ahead
3,driverless car invented google completed miles two accidents humans cars hit
3,ann arbor driverless car test site gets industry partners david runkassociated press detroit ap general
3,california start issuing driverless car licenses september iot connectedcar ibminnovate
3,finally california start granting licenses driverless cars september
3,california start granting licenses driverless cars september
3,driverless cars break law little doubt technology behind driverless cars nearly
3,driverless car storyline mike judge element silicon valley yet office space idiocracy
3,wonder driverless car going sound archaic horseless carriage years
3,driverless cars get california licenses starting september go
3,driverless thing could run cute baby seals wouldnt part initial news googs ca not mi expected
3,googles new driverless car future driving
3,like woody allens sleeper come true first drive google driverless car
3,driverless car still drive better massachusetts drivers eh
3,google unveils driverless car bbcgofigure
3,google build prototype truly driverless car google plans build launch onto city streets small
3,watch googles driverless car action via
3,googles new driverless car no brake pedal steering wheel
3,met driverless car intersection
3,driverless cars means no one flip
3,googles driverless car mean kids take school no pushy parents bmws escalades
3,caught show I picturing driverless cab cos nyc guys would printing money
3,googles new driverless cars robo taxis no brake pedal steering wheel taxi google
3,apparently driverless cars require dress code future
3,people using cars driverless not time not still lot idle car time
3,borrow driverless car take bread co
3,uber ceo expect driverless cars record funding round future uber technologies inc envisions future
3,laundry cart accident apartment minute ago driverless cars cannot come fast enough
3,started nevada google got states legalize driverless cars
3,qualcomm ceo steve mollenkopf shares thoughts driverless cars amp codecon
3,google got states legalize driverless cars four years ago google team trying develop cars
3,driver less cars googs guess bc hate driving stance
3,guess no driverless car team office evil stuff like ads
3,california start granting licenses driverless cars september
3,california giving google licenses driverless cars
3,google got states legalize driverless cars
3,google driverless car skype translate discussion necn via
3,process buying car keep thinking might last gas car ever buy last one not driverless
3,driverless cars get green light california
3,no comment response solar roadways correlation google driverless cars I taking yes
3,california sets regulations testing driverless cars
3,california start granting licenses driverless cars september
3,could possibly go wrong googles next driverless cars no brakes steering wheel code con
3,google driverless car looks similar steveurkels car lol
3,late detroit driverless cars
3,driverless cars compatibility mode trains unwalkable suburbs retrofit
3,day google shows driverless car apple decides algorithms not not stirring people enough spends hand curated music
3,continue follow amp vision driverless cars check new group set I I would try one
3,google building truly driverless car no brakes steering wheel gas pedals
3,driverless rides headed detroit
3,google reveals driverless car prototype skynet cc
3,googles plans driverless car morning
3,sergey brin unveils new google driverless car prototype
3,design inspiration googles new driverless car
3,google unveils driverless car could possibly go wrong
3,visionzero actonclimate net zero best nyt googles next phase driverless cars no brakes steering wheel
3,crazy google unveils driverless car bbcgofigure
3,not see driverless family cars anytime soon instead see johnny cabs totalrecall googleselfdrivingcar
3,read google unveils new driverless car prototype
3,get bezos amazon drones cap america shipping driverless car
3,leaked spy shots new driverless cabs testing
3,drivers making yr driverless car multi decade transition let us take breath I shall I see year
3,google build prototype truly driverless car google plans build launch onto city streets small
3,yep things googles tiny new driverless car looks like totoro
3,googles driverless car action go
3,driverless car googleselfdrivingcar
3,googles new driverless car no brake pedal steering wheel fuck
3,google build prototype truly driverless car
3,know designed driverless car future check
3,us ready make billion bet driverless cars technology
3,california start granting licenses driverless cars september via
3,cops give car ticket driverless cars started hitting roads california
3,normal day kevin wait see driverless google car welcome silicon valley
3,saw one weekend phoenix driverless cars question challenge google not haters
3,hi guys driverless cars yet motors world headquarters
3,google driverless car akin riderless bike would bike want go without answertounaskedquestion
3,saw driverless car today chicago ave
3,california going start offering licenses driverless cars year jetsons didnt see one coming
3,driverless cars unmanned aerial vehicles smart machines implications endless
3,u center breaks ground facility test driverless vehicles ann arbor officials public private
3,ford gm toyota join u ms èdriverless vehicle test ann arbor mich ap university michigan says
3,mt real driverless car company determined drive change
3,goodbye peter gregory hope driverless cars heaven
3,like idea adding bitcoin internet traffic give first class priority driverless cars paying one another pass
3,driverless cars coming
3,nope americans would ride driverless car possible would
3,mountain view got passed driverless car future
3,family back fl three cars driverless cars amp tampa regional rail would let
3,driverless cars technology trumps experience edtech edchat txed
3,driverless cars not legal googles answer unorthodox lobbying campaign mountain view
3,moral machines driverless car dilemma
3,googles driver less car morality
3,not driverless promising considering classified bike legal roads
3,another nitpick define driverless cars kid playing drivers seat knocks normal car park
3,driverless car google
3,rt breaking news ca cancels driverless cars state hwys cars driving tx tn search better life
3,second one driverless cars impact drivers car accident industries whole ecosystem
3,interesting take driverless cars mean future driving via fb
3,fake google driverless car crashes manhattan gt fatlab
3,trying gauge unintended consequences driverless cars future driving via
3,dmv seeking input rules driverless cars dozens attended workshop friday dmv officials
3,dmv seeking input rules driverless cars
3,driverless cars solve energy problems create new ones
3,two things think future automotive technology heads displays driver assist bringing us closer driverless
3,yes could driverless cars solve distracted driving
3,tudetroit driverless cars replace taxis delivery vehicles butler going happen
3,driverless cars
3,ibminnovate expanding system complexity internetofthings driverless cars coming
3,true guess work super reliably everyone would driverless cars
3,driverless cars take old people set go really slow
3,googles moonshot idea use driverless cars cities public health initiative eventually phase fatal accidents human error
3,rudderless congress breaks driverless car
3,users things dont anticipate driverless car demo halt hitting kill switch video
3,never give government employee keys even car driverless
3,driverless cars constantly track locations recording everywhere google search changed world
3,cruise driverless cars
3,googles newest driverless car no steering wheel gas pedal buttons start panic ha
3,molecular scanners smartphone glow dark trees amp affordable driverless cars future
3,moving wisconsin driverless cars legal state check map
3,suspect uber lyft want way order driverless car take somewhere
3,cannot wait survey insanity drivers flipping driverless cars
3,people driverless cars pay car insurance
3,googles driverless car grey thing top scanning laser rotates times second
3,btr hit week regarding driver less cars seen
3,find google driverless car legal state
3,ca approve driverless car testing insurance vehicle testing bond required suretybond suretybonds
3,part not want like part knows future lap fords driverless transit van
3,james bond ride driverless aston martin incapacitates villains nerf bullets silly string
3,driverless cars red barchettas rush predict google controlled future
3,daily talker flying car driverless car company woburn hopes first flying car production
3,google driverless cars blindabilities via
3,imagine googles driverless car voiced elaine stritch imagine mother
3,gm afraid new google driver less car
3,fun hear thoughts future driverless cars new interfaces cyborgs
3,future upon us wait summon driverless google pod transportation
3,uk rewrite road laws pave way driverless cars yessssss
3,examples technology outpacing regulation news today drones uberlyft airbnb driverless cars
3,university michigan builds fake city driverless car testing via
3,uk science minister races legalize driverless cars cc
3,dreamers google announces driverless cars less years would buy one followusandgrow
3,driverless cars handle torrential rain like every summer afternoon afternoon florida tested yet
3,driverless cars shown universally safer passengers drivers liability capped
3,ford commercial claimed uses driverless technology spurs game yeah use term googlescoming
3,beautiful day driverless vehicle presentation house tampi transportation
3,driverless cars honda said no one ever really worldpeaceinstead
3,interior driverless car featuring big red button not push
3,see intvw challenges driverless car safety
3,startup challenging googles driver less car simple sensor
3,ca sb must amended provide googles driverless cars gather data necessary operate vehicle
3,could possibly go wrong rt helicopter drones driverless cars working tandem
3,introducing driverless cart moonshots
3,secrets google driverless cars
3,would get driverless car takes inside one sure
3,future impact insurance driverless cars fleeing parking lots hail storm ha possibilities workhumor
3,I excited driverless car future ironic uber promotes well pay drivers pushing hard kill jobs
3,heard rumor driverless test car drove office need spend time outside
3,feds cool driverless cars bbgnbt
3,driverless steering less google caryes
3,university michigan builds fake city driverless car testing
3,driverless cars still iron shirts
3,google launching internet balloons driverless cars apple introducing dark mode nail gt coffin
3,reading driverless cars could cripple law enforcement budgets colin neagle
3,google plans launch driverless cars next year dailyfinance
3,solarinfrastructure solarelectric car amp truck mini car alliance google make driverless car solarelect plane
3,trucks drive cars driverless cars googlecar
3,uber goes driverless car group honking pick pick picking new puppy
3,I waiting requests google driverless car tap button
3,hey life googles newest driverless car no steering wheel gas pedal buttons start panic
3,car needs googles newest driverless car no steering wheel gas pedal buttons start panic
3,ceo steve mollenkopf shares thoughts driverless cars amp codecon heres mines terminator
3,world driverless cars driven map
3,chuck holland vp industrial engineering ê see driverless vehicles delivering packages see drones delivering fordtrends
3,driverless car day parked cab protesttraffic near capitol members wishing could ride cc
3,cnbc says ca insurance companies requiring ride sharing cars carry expensive insurance driverless cars coming
3,driverless cars startup challenging googleêwith simple sensor tech
3,meet sensor could make cars driverless
3,danah boyd writes new tech panics used status quo cause next panic driverless cars rheadd
3,testament vision ruthless execution amp growth hacking provide global consistencysome day driverless
3,cruise automation releasing cheaper sensor roof dispositive compite driverless car google
3,driverless cars improved experience near future much solve make amazing gaspar designconvo
3,heard driverless cars carsthatfeel check letsgoplaces
3,driverless fedex trucks loaded drone packages launch close destination
3,driverless car future driverlesscar driverless
3,cool google dreams driverless cars idf deploys via
3,google dreams driverless cars israel defense forces deploy israel
3,uber plans use driverless cars available
3,two posters celebrate launch googles driverless car
3,interesting white paper driverless cars could affect auto insurers thanks anne great insight
3,googles driver less car no steering wheel no brake petal amp no gas petal
3,buy new google driver less car expense pearsonspecter
3,ai future heart driverless cars autonomous devices
3,think I driving hand è driverless innovation
3,think driverless car friendly horse without chooses let control
3,warning signs future driverless taxi
3,mercedes benz following lead driverless car next
3,looks like goog really serious making driverless car nothing sneeze
3,police car several driven driverless truck motor something running night
3,google jumps top ten patent recipients powered wearables robots driverless cars google pushed
3,uber go driverless
3,tampa fl driverless interstate currently constructed tie atl not apply gov pass voters
3,company claiming upfit car driverless starting next year
3,inhabitat michigan building fake acre city test driverless cars
3,driverless tech first comes carriage law gary anglebrandt although states michigan
3,think driver less cars future transportation
3,no problem officer less ticketing breaks driver less car
3,driverless cab nyc bridge
3,cruise automation driverless cars startup challenging googleêwith simple sensor via
3,ride sharing eating taxi industry lunch drivers jumping ship course wont long etc operate driverless fleets
3,startup challenging googles driverless car simple sensor kinect
3,startup challenging googles driverless car simple sensor
3,mercedes driverless car
3,driverless cars ilovenuitblanche snbto toronto lovenuitblanch lovetoronto art kia
3,crash cars driverless cars loop constant speed threatening collide snbto toronto
3,driverless cars driving imagine insane è
3,cars driving è no actual drivers cars driving nodrivers driverless
3,driverless car nathan phillips square snbto
3,much tip skynet rt six questions ask driverless cars via
3,blind man drives google driverless car automotive aid
3,rt driver less cars coming see cyclists coming carlton reid safety
3,driverless car forming nathan phillips square toronto nuitblanche scotiabank snbto
3,wireless skins accident proof trains driverless cars hitachi cto hu yoshida bigdata via
3,take ride driverless car public street theb see no reason building cannot wiggle little glynn archwhims
3,desoto cab announces first driverless taxi
3,driver less car still cannot edit tweet
3,dmv hosts norcal workshop create rules driverless cars san jose cbsap auto officials saying
3,imagine zip car drove information technology innovation foundation president reality driverless cars
3,time finally come driverless car
3,driverless cars bill ridingroughlywest
3,driverless car bill aims smooth technology fast lane dustin walsh michigan legislature not taking
3,im not sure think would defeat perception driverless cars elec cars r pretty much cars
3,may obsoleted actually everything driverless point ever going slower max speed
3,picking driverless cars
3,ha see driverless cars run sidewalks belt line thoughts supernovasouth
3,insurance forum future insurance client communication driverless cars ontario museum
3,wonder programming languages mercedesgooglesetc using write software driverless cars
3,wondering driverless cars trigger totally new designs cars future
3,driverless cars provide disruption overshot car market less superfluous stuff sell less involved ego cheaper cars
3,driverless cars bicycle sculptures nuitblance toronto phillips square
3,good read ignores trucking industry driverless cars away think
3,answer tampa summit feature driverless cars transit option
3,talking night makes sense driverless car tesla
3,flightless drones ahh dmv seeking input rules driverless cars
3,dmv seeking input rules driverless cars dozens attended workshop friday dmv officials
3,dmv ponders regulate driverless cars california must set guidelines
3,going park driverless car able park driverless car free
3,going drive driverless car manhattan going always park free manhattan
3,many driverless taxi accommodate typical american traffic patterns wo spaces parking
3,driverless cars affect cities
3,snyder wants michigan approve driverless cars michigan gov rick snyder said googles driverless car
3,I thinking something like preview inevitable asimo falls video driverless car
3,espärito santo state university uses ubuntu developing driverless car brazil linux
3,prevent us watching vids driverless cars cars safer wout us drunktexting
3,least agree driverless uber
3,googles driverless car driven miles ca already yptbwp
3,manhattan cleveland build spaces temporary store driverless car
3,park driverless car reached destination
3,levanowski google driverless car god trust others bring us data energyideas
3,disrupt comfort gtgt larry page defends googles big bets glass driver less cars
3,driverless cars affect cities
3,tech talk tonight jeff johnson driverless cars amp rosey robot info east hosted
3,mean tell driverless cars vacums still sound like kingkong
3,googlex folks talking driverless cars kvsummit perseverance
3,said talk shall run us driverless cars
3,wait driverless cars
3,tesla talks partnering google driverless cars tesla motors considering adding driverless technology
3,tesla talking google driverless electric cars via
3,pardon future go right ahead via driverless driverlesscar google
3,driverless cars amazing govts not looking seriously risk big move white elephant onpoli
3,saw google driverless car
3,driverless cars eventually replace taxi drivers
3,rt rt ready driverless cars pbs newshour
3,guy driving ipad google driverless car punks nyc
3,ready driverless cars pbs newshour
3,looking completely driverless camry sorry toyota believes control remain
3,high speed road driverless future
3,high speed road driverless future via interesting cameras lenses get dirty
3,goal google kids start driving susan wojcicki driverless cars
3,drove work today car drive tune find u ur driverless car
3,sf maäana get educated commercialization driverless car fav
3,ktla consumer confidential stock market rally internet sales tax driverless technology not reporting
3,tesla considers driverless cars partnership google amazing
3,tesla talks partnering google driverless cars tesla motors considering adding driverless technology
3,happens car insurance driverless car world time auto insurance companies innovate
3,driverless cars ghost community actively rejoin society operating motor vehicles without causing suspicion
3,oh car must driverless bumper stickers right along
3,audi testing driverless car tampa florida today license plate
3,elevated lanes florida toll road close tests driverless cars background
3,going driverless cars also shoot riderless bicycles thatll knock cyclist deaths nothing
3,techpanel supposed future cars lt years mostly driverless lots happen
3,driverless cars trialled three uk cities january
3,driverless cars get green light testing public roads uk
3,britain starting driverless car tests next year epoch times yes
3,uk let driverless cars loose roads january going not need roads thefuture
3,uk government announces driverless cars allowed public roads trials not issue smh
3,ever vigilant dc cops pull googles driverless car amazingly no one injured via
3,week bots googles driverless cars sure ready fly robot pilot
3,gonna check driverless car
3,ever vigilant dc cops pull googles driverless car amazingly no one injured
3,google driverless car pic
3,looked like googles driver less car
3,acuhoi driverless cars thought controlled robotic motion holographic sensors virtual reality activism
3,really thoughtful take potential impact driverless cars via
3,oh google driverless car
3,really consider subway driverless car
3,really fbi afraid criminals use googles driverless cars freeway shootouts
3,true l driverless yet
3,driverless car tested merced beginning rockets drones
3,encountered one driverless car
3,no fun eh driverless cars becoming reality could british roads next yr
3,shows driverless car tech florida along ride
3,uk plans allow driverless cars public roads starting january could possibly go wrong
3,driverless cars hit public roads britain january
3,nissan announced model driverless car roads thefuture
3,uk town replacing buses driverless pods fl pay disney busses death
3,funny rt saudi women allowed not drive driver less car saudi drivingban
3,rt driverless cars could arrive ann arbor automotive michigan
3,ann arbor test bed driverless cars university michigan researchers work make ann arbor
3,florida aims lead driverless car revolution via
3,driverless trans team field trip day going morgantown ride podcars currently road
3,googles retrofitted driverless car captured
3,ann arbor could get driverless vehicles u working auto industry government officials
3,driverless cars coming uk london cnnmoney first time driverless cars soon
3,ann arbor could get driverless vehicles ann arbor wwjap university michigan working
3,õ driverless cars soon making way streets uk
3,cover driverless cars also donothingcongress teabagtreason
3,burkhard bilger inside googles driverless car
3,humans make bad drivers read discuss burkhard bilger inside googles driverless car via
3,no uber driverless cars natural progression uber drivers disrupted
3,currently society moves towards urban centers driverless cars think affect handheld sales
3,fbi warns driverless cars could weaponized
3,florida wants hq driverless cars might say already
3,fbi thinks driverless cars could deadly fuck
3,time driverless vehicles driverless
3,could driverless cars change everything techtuesday
3,senator calls driverless cars cure disease vehicle related deaths sayfie flapol
3,uk allow driverless cars roads
3,uk allow driverless cars public roads january
3,driverless cars allowed uk soon january autonews
3,driverless cars hit uks roads january approved trials awesome
3,driverless cars florida sooner think
3,iowa county says yes driverless cars driverlesscars autonomous cars selfdrivingcars
3,close upper deck selmon expy driverless car testing lane selmon
3,always ask driver rating hopefully not worry driverless cars come
3,trying figure spoof contents car driverless cars nobel prize winners car times
3,demand cars greater human availability drive cars safely efficiently hence driverless cars hire
3,like turing test driverless autos founding fathers serious foresight
3,audi made driverless car õ
3,saudi market preparing driverless cars one way prevent women driving nobody needs drive womensrights
3,driverless car delivered drone
3,audi stepping driverless car game
3,driver less car mod audi
3,legislators regulators started establish rules road use driverless cars thefuture
3,mass transit based driverless cars coming helsinkis ambitious plan make car ownership pointless
3,hey googlegirl tell got ride one driverless cars
3,driverless car tipping point coming soon
3,exactly total miles likely way uber ridesharing eventually driverless
3,fbi concerned criminals using driverless cars via
3,imagine driverless googlecars end parking place
3,posit newly revived urban streetcars fail automateddriverless tech emerges regional commuting still strongest case rail
3,britain test driverless cars next year london british officials says driverless cars tested
3,uk put driverless cars public roads january
3,burkhard bilger inside googles driverless car via
3,nissan developing driverless cars sunnyvale sunnyvale cbs sf scientists nissans new research facility
3,burkhard bilger inside googles driverless car via selfdrivingcar technology
3,hot fuzz rt british town introduce fleet driverless cars
3,ann arbor could get driverless vehicles university michigan working auto industry
3,ann arbor could get driverless vehicles university michigan working auto industry
3,current state driverless cars
3,google driverless car magnitudes harder tech challenge vs tech powered diagnoses important hisum
3,hisum khoslas mom saw doctor birth children amp age first time driverless car complex solved problem
3,rt another state approved driverless cars
3,driverless cars fix taxi industry except ask economy
3,sebastian thrun googles driverless car ted short video matters sudoku
3,googles driverless car
3,california may soon driverless cars game
3,makes think could people auto show years ago imagined presentation driverless cars
3,driverless cars jevons paradox
3,driverless cars jevons paradox
3,googles trillion dollar driverless car part google wins
3,much longer equips nyc driverless cabs welcome oppose change
3,ok first accept idea one day driverless cars think going
3,driver less cars modern horseless carriage fb
3,perhaps driverless car could pick sex worker would fitting given audience
3,live tweeting screen future well driverless cars one
3,first jetsons reference driverless car discussion
3,driverless car invented google completed ovr miles amp accidents humans hit
3,google brings driverless car austin google developing touting future self pil
3,google brings driverless car austin theres driverless vehicle town no not talking
3,driverless cars idk feel evaluate pros cons manufactured please
3,driverless cars colorado lawmakers may allow denver ap colorado lawmakers debating change
3,economic impacts driverless cars ignores demand elasticityimpacts sprawl oil use driving cheaper
3,nevada one place driverless cars tested weather conditions make exciting place test
3,actually google project called google x making driverless cars shit like
3,googles driverless car part
3,besides drone via google driverless car
3,driverless car nohands james lick fwy
3,check latest driverless cars cbcmtl
3,driverless cars brings google glass hcd experience windshield ht
3,space shuttle simulator check driverless car simulator check
3,believe driverless world auto insurance cheap still want drive shall cost driverless
3,university michigan building fake city driverless cars technology futurology
3,better driverless car solution
3,crowd outside milling waiting driverless cars find dusty eyes rough night asks delucchidoesgoogle
3,gonna legalize marijuana driverless cars
3,äber partner google driverless vehicles
3,driverless logistics education event networking education baseball
3,ever wondered driverless car sees googlecar nightlife
3,rt google forced add steering wheels driverless car designs
3,google forced add steering wheels driverless car designs
3,google driverless cars I feeling lucky button takes random location
3,interesting thought experiment ethics driverless car
3,driverless car runs someone race blame
3,open data driverless buses london transport heads future great innovation story
3,hop driverless car head back googleplex another day googleallstars another feast eggs
3,one professors worked apple first iphone amp works google google glass amp driverless cars èµ life officially made
3,need understand driverless cars not remove humans equation
3,help non driverless cars kill humans per year
3,umyeah rt driverless car kill save child
3,not think scenarios driverless world driverless car kill save child
3,driverless car mobile lidar mt another use driverlesscars besides transport via
3,thought inspiring driverless cars gt impact tremendous jobs people hate siliconvalley scale hits home svforum
3,also driverless robot cars boon mankind slippery slope economic failure class warfare cbcmtl
3,strong illustration ethical questions ahead us gtgt driverless car kill save child
3,inventing tomorrows jobs driverless drones timebroker future awesome tech
3,driverless cars reduce fatalities may added pressure printing tech supply transplant organs
3,lurch yesterday really say ever driving driverless car pull
3,driverless cars streets dc dc driverlesscars
3,missing last driverless car forced take shuttle car rental years since I improvise mission
3,california would permit driverless car long steering wheel huh
3,google forced add steering wheels driverless car designs talking
3,maybe munis medallion concept enroll driverless cars part annual oversight compliance
3,driverless cars way
3,oh maybe pay amazon bitcoins made printer assembled robot driverless car yeah
3,driverless car rules drafted california california department motor vehicles posted draft rules
3,dmv releases draft rules driverless cars california department motor vehicles posted draft rules
3,driverless cars legal michigan long driver
3,auto news driver less cars tested michigan roads
3,snyder signs law allowing driverless cars tested michigan roads dustin walsh gov rick snyder today
3,driverless cars
3,solution parents drive kids driverless cars
3,weeks new trends want us talk driverless car printing time travel
3,google serious driverless cars
3,volvo put driverless cars road sweden ben schiller via no
3,uk threw driverless car gauntlet
3,uk paves way driverless cars
3,uk paves way driverless cars
3,driverless golf carts
3,amazon drones delivering printed floor mats driverless car authenticated nymi ecg wristband paid bitcoin
3,week review new law allows testing driverless cars duggan picks cabinet members foresee acquired
3,new law allows driverless cars michigan roads lansing wwjap gov rick snyder signed law allowing
3,michigan not going sit watch revenue take dive law allows driverless cars
3,inside googles driverless car
3,googles vision delivering packages driverless cars humanoid robots happen amazon drone bs no lol
3,steeri worlds driverless car app via
3,told stop mt weird driverless car spotted going straight ut highway
3,yes fly rt driverless cars could cruising california roads spring via
3,uk paves way driverless cars
3,rt driverless cars use apple maps fivewordtechhorrors
3,gotta van damme angle volvo put driverless cars road sweden
3,volvo put driverless cars road sweden
3,driverless cars verses drones future delivery
3,google already trying deploy driverless taxi fleets makes sense want automate industries enter bostondynamics
3,google win first driverless formula race
3,seen driverless cars zooming way quick somebody call denzel
3,imagine got pull driver less lapd car n got mms incl citationviolation ft
3,driverless cars ethics relativism ethical perspective no correct answer dilemma
3,always fascinating chat drivers todays big car efficiency ev also driver less wise guy
3,driverless cars ubiquitous wireless internet amp electricity growing amp printing organs lenr next thefutureisnow thesingularityisnear
3,also today think driverless cars good idea cbcmtl
3,far driverless car technology come cbcmtl
3,uk allow driverless cars january
3,hang dusty eyes stops getting another driverless car checked bag private jet shrugs
3,driverless car tested dc streets technology
3,driverless white house driverless car takes test run dc
3,cars driverless police sirens necessary
3,driverless cars driverless aerial vehicles goog experiment attract talent near term
3,nascar amp formula one ultimately allow driver less cars races
3,not kill us makes us stronger lt google driver less cars antifragility
3,yeah man search driverless audi parks
3,nightmare google monetizing driverless cars promoted destinations lingerie stores get ad budgets yeah
3,california governor brown signs bill clearing use driverless cars public roads video via
3,push google california legalizes driverless cars
3,california trend setting gov brown signs bill clearing use driverless cars public roads
3,much like corporations driverless cars people
3,transport people never heard driverless cars humbly request audience
3,cannot worse drivers text rt video driverless cars headed california roads sara welch reports
3,googles driverless cars expected become legal california roads today
3,hacked driverless car drives streets night alone wondering time went end
3,start driverless buses
3,ethier amp driverless trending la
3,suppose said apparently georgia already driverless cars
3,driverless cars legal cali
3,california passes driverless car bill
3,watch googles driverless car permitted california roadways
3,yeah bet cops would confused driverless cars street legal california
3,monumental rt california governor brown signs bill clearing use driverless cars public roads video
3,no one seen irobot robottakeover rt w push google california legalizes driverless cars
3,california okays driverless cars
3,bynes lohan car right rt driverless cars street legal california
3,wait driving car non citizen illegal driverless car legal nobody gt somebody world ht
3,heard driverless car street legal not nevada florida california
3,future premier california allow driverless cars roads years bc embrace future likewise
3,driverless car driverless marriage hear based others data input computer creates conversation
3,years away see road legal driverless cars drive california soon
3,maybe spend capital funds make driverless transit viable need full cost recovery
3,I really curious impact driverless cars transportation car ownership future
3,bump great justice rt driverless cars could reshape automobiles transportation system
3,california becomes third state legalize driverless cars rt
3,watching presentation google vp sebastian thrun lead driverless car
3,idea teams field third car must driverless no human input allowed totally autonomous
3,already driverless mine trucks pilbarra
3,driverless cars bill signed gov jerry brown nearly years day jetsons debuted abc f
3,driverless cars legal california maybe one day gus gus arrive take wineries no one wheel
3,driverless cars bill signed èè
3,driverless car bill signed california google headquarters
3,scary rt driverless car transforms american food culture
3,well not without driverless cars completely automated factories stores etc someone needs around produce
3,driverless cars available lt years causing drop traffic
3,reported driverless cars legal portions california wtf driverless flying cars
3,thought new iphone hi techwith push google california legalizes driverless cars via
3,driverless cars cure traffic
3,rt push google california legalizes driverless cars
3,purrfectly good driver rt oh mean driverless cars fb
3,capitol alert jerry brown signs driverless car bill
3,gov brown gives green light driverless cars california chicago tribune
3,gov brown gives green light driverless cars california chicago tribune
3,california governor brown signs bill clearing use driverless cars public roads video yes
3,google testing driverless cars ca
3,sleeping driverless cars got little bit closer mainstream
3,hard wrap head around driverless cars ca apparently via
3,first driver less car made
3,continental testing driverless car nevada
3,video california legalizes googles driverless cars ha said wouldnt happen
3,watching tv said driverless cars gonna hitting streets years
3,companies soon optimize high fuel costs driverless vehicles already legal ca nv fl supplychain google
3,driverless cars street legal california rt
3,driverless cars street legal california
3,driverless cars google goog
3,california signed bill permit driverless cars road bill entitled asians road act
3,neil driverless cars lt yrs everyone else lol wrong reality
3,driverless cars lt yrs internet lol wrong reality
3,wall e world getting closer gtgt push google california legalizes driverless cars nyt
3,jerry brown signed law bill allows driver less vehicles public streets california welcome future
3,california approves law googles driverless cars
3,california okays driverless cars take mine vw beetle call herby
3,google buys nest google makes driverless cars google makes phones google takes world google
3,amen sister truth invent driverless cars cannot create machines accept non crisp bills
3,gadgets stood priced driverless cars tvs watch companies
3,home automation driverless cars future google leader years automated cars norm
3,detroit auto show u build fake downtown test driverless cars testing site built
3,top line takeaways driverless cars drones headphone headphones headphones
3,great scott thought goggle would first driverless car show class
3,soondriverless technologies find way trucking industry read article follow us
3,carmakers driverless cars need legal framework ryan nakashima ap business writerlas vegas ap future
3,exactly happen driverless cars salesman literally live road
3,review one driverless cars ces
3,car drives itselfsounds awesomely futuristicbut safeheres works driverlesscar
3,dream last night rotary phone driverless car retrofuture
3,driverless car gets pulled speeding pays ticket
3,made driverless carèè
3,driverless cars
3,driverless cars whaaaaaaa è
3,driversseat driver less car not driving per say text
3,driverless future looking car looks like raindrop sciencefact
3,attention danish tweeps danish tv morgen around dk time talking societal impact driverless cars tune
3,govt regs drive tech make cars cleaner safer driverless cars next maybe need tech make guns cannot fire people
3,driverless car
3,massachusetts institute technology ford work driverless car massachusetts institute technology
2,take great concepts cars driverless amp electric make intentionally unappealing
2,hope hang right drive vindugoel googles next driverless cars no brakes steering wheel codecon
2,woke falling asleep couch craziest dream google made driverless cars say not not
2,look roadblocks facing driverless cars
2,hooli firstrt googles newest driverless car no wheel pedal buttons start panic
2,true think many claims impact driverless cars rely bit assumptions random usage rather peaks
2,driverless cars freaky hey time selfies
2,driverless cars yeahlike gonna let dui money cruise skynet sunset policestate
2,binge drinking massive job losses future driverless cars
2,q driverless cars prius driving prius not feel like driving like chewing prechewed gum bland pointless
2,already driverless cars called fucking public transportation
2,think google cars great looking no think type design cars driverless likely not
2,someone please explain point driverless cars seems like solution looking problem already taxis
2,google reveals driverless car passenger less not trust technology much
2,sorry know driverless cars great thing worry shall reduce ins entice actually improving infrastructure
2,not actually want google driverless car would much rather ride one work instead
2,google driverless car not stop free puppy sign bob lutz bigpicture
2,ok talk us not wanna approve googles driverless cars speeding ticket profits
2,key issue catastrophic accident driverless cars car decide whether gt people die
2,driverless cars show problem utilitarianism die accident occurs
2,driverless cars crash whos blame via anonymous
2,go read literally anything transit planning works talking counterproductive useless driverless cars
2,googles driverless car looks like koala remembered something embarrassing yrs ago
2,autonomous civil aircraft could flying cars go driverless lt aw hell no
2,watched segment not trust self driving cars yet ride driverless rapid transit
2,feeling driverless cars inferior solution already existing tech
2,oops eleanor holmes norton stalled driverless car ride
2,corrected streets area open source mapping bridges not not driver less cars stay away upstate ny
2,notes state laws not kept w technology not driverless car issue
2,driverless cars could get lazier happened driving fun makeitstop
2,driverless cars dont end world dont know
2,every time read story driverless cars get shiver spine alone
2,one driver less car works one not going happen
2,driver less cars using google maps could go wrong
2,betting driverless cars cool want underwater decade two
2,cannot jus trust emergency brake got block wheels driverless truck barrels
2,safety concern driverless cars
2,mt attitude innovation driverless cars put taxis bizfoster wless
2,driverless car one step closer losing freedom privacy another way monitor us
2,story everything rudderless congress breaks driverless car via
2,couple congressmen take driverless car spinand break driverless car
2,driverless car rolls hill blocks lower queen anne bouncing parked cars nobody hurt liveonkomo
2,googles driverless car need testing watchdog group warns
2,sf taxi drivers realize jobs likely not exist years driverless cars candidconversations
2,yeah google not tupperware meetup build driverless car cannot set high capacity wifi
2,I seeing crash cars alain declercq two driverless cars sometimes become almost crush
2,tear driverless cars away think
2,driverless trucks make hours service debates silly look back years freight nasstrac
2,future driving via need driverless cars people sleeping wheel
2,ugh rt driverless cars coming shall bring congestion fuel consumption
2,driverless taxis concern ranting cursing listen gartnersym
2,actually not crazy sounds better pay newspapers build driver less cars
2,driverless cars gave lb weapons tied remote control not think no need exists
2,driverless cars mean miles driven higher fuel consumption transportation
2,google driverless car today keep not going intend go
2,beats driverless cars rt google said deploy wi fi blimps africa asia goog
2,no driverless truck amp boone nat gas truck idea like havin bombs drivin lil people next em
2,fbi warns google driverless car could b used terrorism duh using pressurecooker
2,terrorism threatens driverless car ugh rt fbi worried driverless cars used bombs
2,fbi worried driverless cars used bombs looks like driverless cars dead
2,fbi says driverless cars good surveillance could used deadly weapons fbis thoughts
2,detroit unhappy googles push driverless cars tech cars
2,business insider fbi afraid criminals use googles driverless cars freeway shootouts goog
2,must develop policies prevent toyota official driverless cars could encourage sprawl
2,fbi driverless cars could make criminals dangerous also criminals dangerous cars horses
2,working wgoogle algorithms driverless cars annoy bike riders mirrortap rtredlightroll crosswlkignore kidding
2,driverless car revolution not begin cars via
2,ploop fbi warns driverless cars could used lethal weapons
2,fbi concerned driverless cars could accomplices drive shootings
2,heading jobless future no matter government exampledriverless cars taxis deliveries
2,driverless cars could increase pollution warns
2,many scenarios concerning civil rights spying espionage corporate exploitation ensue driverless cars futuretalk
2,know going kill driverless cars speed limit not able pass within three feet cyclists
2,brave new world gt driverless cars make police chases lethal
2,fbi warns driverless cars could become new letha
2,I skeptical driver less cars I I would freaked empty driver seat
2,googles driverless car safer average driver never get one drive
2,driverless cars apparently election worthy issue seriously florida
2,government regulation lawyers insurance companies long road go fully driverless sigh
2,not legalregulatory concerns driverless cars theres matter societal trust goodpoint
2,intersections would look like world driverless cars literally winced whole time
2,could technology lead unemployment no secret smart machines think googles driverless cars
2,colorado driverless car bill shelved notice êa bill allow driverless cars colorado highways
2,insure driverless car hurdles shall face
2,interesting driverless cars lead us jobless road
2,driverless cars iphones important securing ocean water supply desalination
2,seems like driverless cars scam put google amp software giants instead infrastructure trains
2,news flash already driverless cars called subways
2,want us believe self driving car malfunctioned google street view car not driverless car
2,not think understand point driverless vehicle
2,hmmm wonder insurance would driver less car yeah not practical
2,driverless cars took wrong spot says damn robots agree board bus delucchidoesgoogle
2,barrier driverless cars insurance liability cause accident
2,not need driverless cars decrease dependence fossil fuels no connection
2,try put driverless trucks highway snow storm idea kind goes hell
2,rt driverless cars not save environment
2,driverless car headless horse
2,driverless cars ruin thrill driving
2,driverless car prototype prius bad ideer
2,driverless car think notit b clstrfk lawsuts whose fault b crzy joke story rite
2,california drugs driverless cars legal
2,could possible go wrong california governor brown signs bill clearing use driverless cars public roads
2,driverless cars wtfè
2,cars killed us rt driverless cars mean no drivers licences
2,driverless cars legal california predict dramatic increase drive shootings unintendedconsequences
2,love picture nytimes picked driverless car legalization story google car crosswalk people front
2,driverless car rolls backwards parking space crashes pillar outside town amp country entrance bainbridge
2,driverless robo cars seems no fun
2,driverless cars great not not sustainable without honest energy policy per capita energy use defines future
2,myear parking revenues risk driverless cars park send car elsewhere plans
2,driverless cars think I done world cannot deal google coming everything
2,driverless cars u think not like idea è
2,gov browns press conference set dystopian future billionaire cyborgs unleash armies driverless cars
2,soon driverless cars become norm I shall I start riding motorcycle luddite
2,no not refuse one driverless car first real robot shall
2,driverless cars movie robot realistic
2,auto insurer not happy future driverless cars
1,google driver less car take steering wheel away cold dead hands buy one
1,yes meant sense people not not driving not need fn driverless passenger cars
1,hearing driverless cars coming da fuck people lazy seems dangerous hell
1,no way would put trust driverless car would lose people
1,watched video I home work wtf thought getting driverless car not orwellian big brother shit
1,good still not even self check rt driverless cars away think
1,oh hell no know enough computers not trust driverless car
1,driver less cars could potentially lethal news ticker yeah mean would think
1,not not already fbi warns driverless cars could used lethal weapons
1,thanks share driverless cars not make us thinner healthier happier driverless cars sprawl
1,also cars drivers fbi warns driverless cars could used lethal weapons
1,driverless automated cars waste money get fucking taxi
1,driverless cars terrible anyone fan mean cmon
1,driverless cars dumbest fing idea ever heard
1,google driver less car not viable insurance companies would no part
1,durham driverless car causes crash nc two people injured dur
1,car wars actionsci fi drew goddard future driverless cars become sentient turn human race
1,driverless cars take us wrong spot says damn robots agree board bus delucchidoesgoogle
1,driverless cars point
1,driverless cars wthi honestly not think good idea
1,google developing driverless car da facckk
1,driverless cars street legal california good reason leave ca no one behind wheel
1,systematically run driverless cars
